<?xml version="1.0" encoding="UTF-8"?>

<mule xmlns:tls="http://www.mulesoft.org/schema/mule/tls"
	xmlns:aggregators="http://www.mulesoft.org/schema/mule/aggregators"
	xmlns:batch="http://www.mulesoft.org/schema/mule/batch" xmlns:validation="http://www.mulesoft.org/schema/mule/validation" xmlns:os="http://www.mulesoft.org/schema/mule/os" xmlns:ee="http://www.mulesoft.org/schema/mule/ee/core" xmlns:http="http://www.mulesoft.org/schema/mule/http" xmlns="http://www.mulesoft.org/schema/mule/core" xmlns:doc="http://www.mulesoft.org/schema/mule/documentation" xmlns:xsi="http://www.w3.org/2001/XMLSchema-instance" xsi:schemaLocation="http://www.mulesoft.org/schema/mule/core http://www.mulesoft.org/schema/mule/core/current/mule.xsd
http://www.mulesoft.org/schema/mule/http http://www.mulesoft.org/schema/mule/http/current/mule-http.xsd
http://www.mulesoft.org/schema/mule/ee/core http://www.mulesoft.org/schema/mule/ee/core/current/mule-ee.xsd
http://www.mulesoft.org/schema/mule/os http://www.mulesoft.org/schema/mule/os/current/mule-os.xsd
http://www.mulesoft.org/schema/mule/validation http://www.mulesoft.org/schema/mule/validation/current/mule-validation.xsd
http://www.mulesoft.org/schema/mule/batch http://www.mulesoft.org/schema/mule/batch/current/mule-batch.xsd
http://www.mulesoft.org/schema/mule/aggregators http://www.mulesoft.org/schema/mule/aggregators/current/mule-aggregators.xsd
http://www.mulesoft.org/schema/mule/tls http://www.mulesoft.org/schema/mule/tls/current/mule-tls.xsd">
	<sub-flow name="rotary-sys-api-orchestratorSub_Flow_Pay" doc:id="b01daf45-b9a4-41b6-acf7-aa8477f4b2c7" >
		<flow-ref doc:name="rotary-sys-api-clientSub_Flow-dataBasePay" doc:id="cd2f5540-db56-41b1-ba89-a726a49c3373" name="rotary-sys-api-clientSub_Flow-dataBasePay" targetValue="#[vars.response]" />
	</sub-flow>
	<sub-flow name="rotary-sys-api-orchestratorSub_Flow_StatusPay" doc:id="777f41a5-ab50-491a-a08c-1a5235544c9e" >
		<flow-ref doc:name="rotary-sys-api-clientSub_Flow-dataBaseStatusPay" doc:id="bf066987-2b99-4145-b8da-aaacd3108e42" name="rotary-sys-api-clientSub_Flow-dataBaseStatusPay" targetValue="#[vars.response]" />
	</sub-flow>
	<sub-flow name="rotary-sys-api-orchestratorSub_Flow_Operations" doc:id="20ed6324-73a1-48c1-adf4-740195e2a819" >
		<flow-ref doc:name="rotary-sys-api-clientSub_Flow-dataBaseOperations" doc:id="b7261614-ee30-4351-9a56-b04967f6b45f" name="rotary-sys-api-clientSub_Flow-dataBaseOperations" targetValue="#[vars.response]" />
	</sub-flow>
	<sub-flow name="rotary-sys-api-orchestratorSub_Flow_OperationsIdFlow" doc:id="44a6c117-ad6d-476f-b336-d250bb10759f" >
		<flow-ref doc:name="rotary-sys-api-clientSub_Flow-dataBaseOperationsIdFlow" doc:id="5e580062-66e8-4c75-97e2-0a6d6ffd701d" name="rotary-sys-api-clientSub_Flow-dataBaseOperationsIdFlow" targetValue="#[vars.response]" />
	</sub-flow>
	<sub-flow name="rotary-sys-api-orchestratorSub_Flow_OperationsIdBusiness" doc:id="28dbc8e0-78bd-4823-be10-8385f76af282" >
		<flow-ref doc:name="rotary-sys-api-clientSub_Flow-dataBaseOperationsIdBusiness" doc:id="5168e314-ebe0-4ba9-8183-cd621ab08d3c" name="rotary-sys-api-clientSub_Flow-dataBaseOperationsIdFlowBusiness" targetValue="#[vars.response]" />
	</sub-flow>
	<sub-flow name="rotary-sys-api-orchestratorSub_Flow_OperationsBusinessName" doc:id="8c2d1719-2c78-4093-b258-e5c2da54b9e6" >
		<flow-ref doc:name="rotary-sys-api-clientSub_Flow-dataBaseOperationsBusinessName" doc:id="dc2dfee5-8064-49f6-8aff-d815062ba177" name="rotary-sys-api-clientSub_Flow-dataBaseOperationsIdFlowBusinessName" targetValue="#[vars.response]" />
	</sub-flow>
	<sub-flow name="rotary-sys-api-orchestratorSub_Flow_OperationsFlowName" doc:id="ea27d6ee-b052-4997-abe7-fc02dda621ee" >
		<flow-ref doc:name="rotary-sys-api-clientSub_Flow-dataBaseOperationsFlowName" doc:id="919b1699-be39-420b-a7c7-dfecd3408dcc" name="rotary-sys-api-clientSub_Flow-dataBaseOperationsFlowName" targetValue="#[vars.response]" />
	</sub-flow>
	<sub-flow name="rotary-sys-api-orchestratorSub_Flow_Business" doc:id="4ffb446d-8d06-4176-b3d7-6bc48e72b424" >
		<flow-ref doc:name="rotary-sys-api-clientSub_Flow-dataBaseBusiness" doc:id="aef6e103-6df2-4135-a802-aed478ee4520" name="rotary-sys-api-clientSub_Flow-dataBaseBusiness" targetValue="#[vars.response]" />
	</sub-flow>
	<sub-flow name="rotary-sys-api-orchestratorSub_Flow_AddBusiness" doc:id="0dc7f065-1afe-428f-8b51-36f1935ccb81" >
		<flow-ref doc:name="rotary-sys-api-clientSub_Flow-dataBaseAddBusiness" doc:id="247cc599-4ff2-40d1-b767-e2afae5805de" name="rotary-sys-api-clientSub_Flow-dataBaseAddBusiness" targetValue="#[vars.response]" />
	</sub-flow>
	<sub-flow name="rotary-sys-api-orchestratorSub_Flow_AddOperations" doc:id="099f3b51-4b32-469d-b55e-dbff768c6741" >
		<flow-ref doc:name="rotary-sys-api-clientSub_Flow-dataBaseAddOperations" doc:id="d2b21f46-b204-4a83-8f2a-f90c64845f12" name="rotary-sys-api-clientSub_Flow-dataBaseAddOperations" targetValue="#[vars.response]" />
	</sub-flow>
</mule>