<?xml version="1.0" encoding="UTF-8"?>

<mule xmlns:ee="http://www.mulesoft.org/schema/mule/ee/core" xmlns="http://www.mulesoft.org/schema/mule/core"
	xmlns:doc="http://www.mulesoft.org/schema/mule/documentation"
	xmlns:xsi="http://www.w3.org/2001/XMLSchema-instance" xsi:schemaLocation="http://www.mulesoft.org/schema/mule/core http://www.mulesoft.org/schema/mule/core/current/mule.xsd
http://www.mulesoft.org/schema/mule/ee/core http://www.mulesoft.org/schema/mule/ee/core/current/mule-ee.xsd">
	<sub-flow name="rotary-sys-api-handlerSub_Flow_Pay" doc:id="429a941e-c7e4-4851-b3ce-2a5f1306d263" >
		<flow-ref doc:name="rotary-sys-api-orchestratorSub_Flow_Pay" doc:id="36b70085-c6b0-4712-9287-c3b2e9e798e9" name="rotary-sys-api-orchestratorSub_Flow_Pay" />
	</sub-flow>
	<sub-flow name="rotary-sys-api-handlerSub_Flow_StatusPay" doc:id="cf02a03d-1a87-49ac-8098-166ceb88e4a8" >
		<flow-ref doc:name="rotary-sys-api-orchestratorSub_Flow_StatusPay" doc:id="7696b861-5655-47c6-a77c-84b2dab90d3a" name="rotary-sys-api-orchestratorSub_Flow_StatusPay" />
	</sub-flow>
	<sub-flow name="rotary-sys-api-handlerSub_Flow_Operations" doc:id="00248c9c-b9e2-46a1-b8cb-d660790d756d" >
		<flow-ref doc:name="rotary-sys-api-orchestratorSub_Flow_Operations" doc:id="5d1393ab-b099-4a25-9957-b2db5f72d5cb" name="rotary-sys-api-orchestratorSub_Flow_Operations" />
	</sub-flow>
	<sub-flow name="rotary-sys-api-handlerSub_Flow_OperationsIdFlow" doc:id="86fd2bf7-4213-46c5-b2b0-a8c43bdae7fe" >
		<flow-ref doc:name="rotary-sys-api-orchestratorSub_Flow_OperationsIdFlow" doc:id="f7ffeb8c-8128-4238-af72-3aa8a4fdbf6e" name="rotary-sys-api-orchestratorSub_Flow_OperationsIdFlow" />
	</sub-flow>
	<sub-flow name="rotary-sys-api-handlerSub_Flow_OperationsIdBusiness" doc:id="e8477a4a-e9b0-42fc-8f21-891ab09bd51e" >
		<flow-ref doc:name="rotary-sys-api-orchestratorSub_Flow_OperationsIdBusiness" doc:id="43107d95-b10a-4bb1-8b6d-426c2b42f75d" name="rotary-sys-api-orchestratorSub_Flow_OperationsIdBusiness" />
	</sub-flow>
	<sub-flow name="rotary-sys-api-handlerSub_Flow_OperationsBusinessName" doc:id="54b6fc4c-495c-4fae-8482-a4d20c09211d" >
		<flow-ref doc:name="rotary-sys-api-orchestratorSub_Flow_OperationsBusinessName" doc:id="b0e2dd7b-8d11-4ecc-a137-6f318db425bb" name="rotary-sys-api-orchestratorSub_Flow_OperationsBusinessName" />
	</sub-flow>
	<sub-flow name="rotary-sys-api-handlerSub_Flow_OperationsFlowName" doc:id="8de1c9d4-ed20-468f-8f23-5daaeccf710c" >
		<flow-ref doc:name="rotary-sys-api-orchestratorSub_Flow_OperationsFlowName" doc:id="b856ab9a-6e86-4fa4-bb35-b2d00d42f442" name="rotary-sys-api-orchestratorSub_Flow_OperationsFlowName" />
	</sub-flow>
	<sub-flow name="rotary-sys-api-handlerSub_Flow_Business" doc:id="1446a14f-b0db-4e4a-9c1d-c9b2f17ce901" >
		<flow-ref doc:name="rotary-sys-api-orchestratorSub_Flow_Business" doc:id="e84730a4-ce98-4c0e-8255-50471ed6843b" name="rotary-sys-api-orchestratorSub_Flow_Business" />
	</sub-flow>
	<sub-flow name="rotary-sys-api-handlerSub_Flow_AddBusiness" doc:id="5f3ac15a-2553-4a35-a3c6-bb0609894cbf" >
		<flow-ref doc:name="rotary-sys-api-orchestratorSub_Flow_AddBusiness" doc:id="76f93bf1-5f84-4b6d-b6ae-21ee49d455c2" name="rotary-sys-api-orchestratorSub_Flow_AddBusiness" />
	</sub-flow>
	<sub-flow name="rotary-sys-api-handlerSub_Flow_AddOperations" doc:id="3b4863ad-d036-47fb-85b2-4e8f5086f5ba" >
		<flow-ref doc:name="rotary-sys-api-orchestratorSub_Flow_AddOperations" doc:id="fd3030ed-9990-4278-890f-c9bdc69198d9" name="rotary-sys-api-orchestratorSub_Flow_AddOperations" />
	</sub-flow>
</mule>
