<?xml version="1.0" encoding="UTF-8"?>
<mule xmlns="http://www.mulesoft.org/schema/mule/core" xmlns:apikit="http://www.mulesoft.org/schema/mule/mule-apikit" xmlns:doc="http://www.mulesoft.org/schema/mule/documentation" xmlns:ee="http://www.mulesoft.org/schema/mule/ee/core" xmlns:http="http://www.mulesoft.org/schema/mule/http" xmlns:xsi="http://www.w3.org/2001/XMLSchema-instance" xsi:schemaLocation="http://www.mulesoft.org/schema/mule/core http://www.mulesoft.org/schema/mule/core/current/mule.xsd http://www.mulesoft.org/schema/mule/http http://www.mulesoft.org/schema/mule/http/current/mule-http.xsd http://www.mulesoft.org/schema/mule/mule-apikit http://www.mulesoft.org/schema/mule/mule-apikit/current/mule-apikit.xsd http://www.mulesoft.org/schema/mule/ee/core http://www.mulesoft.org/schema/mule/ee/core/current/mule-ee.xsd ">
    <http:listener-config name="rotary-sys-api-httpListenerConfig">
        <http:listener-connection host="0.0.0.0" port="8081" />
    </http:listener-config>
    <apikit:config name="rotary-sys-api-config" api="rotary-sys-api.raml" outboundHeadersMapName="outboundHeaders" httpStatusVarName="httpStatus" />
    <flow name="rotary-sys-api-main">
        <http:listener config-ref="rotary-sys-api-httpListenerConfig" path="/api/*">
            <http:response statusCode="#[vars.httpStatus default 200]">
                <http:headers>#[vars.outboundHeaders default {}]</http:headers>
            </http:response>
            <http:error-response statusCode="#[vars.httpStatus default 500]">
                <http:body>#[payload]</http:body>
                <http:headers>#[vars.outboundHeaders default {}]</http:headers>
            </http:error-response>
        </http:listener>
        <apikit:router config-ref="rotary-sys-api-config" />
        <error-handler>
            <on-error-propagate type="APIKIT:BAD_REQUEST">
                <ee:transform doc:name="Transform Message">
                    <ee:message>
                        <ee:set-payload><![CDATA[%dw 2.0
output application/json
---
{message: "Bad request"}]]></ee:set-payload>
                    </ee:message>
                    <ee:variables>
                        <ee:set-variable variableName="httpStatus">400</ee:set-variable>
                    </ee:variables>
                </ee:transform>
            </on-error-propagate>
            <on-error-propagate type="APIKIT:NOT_FOUND">
                <ee:transform doc:name="Transform Message">
                    <ee:message>
                        <ee:set-payload><![CDATA[%dw 2.0
output application/json
---
{message: "Resource not found"}]]></ee:set-payload>
                    </ee:message>
                    <ee:variables>
                        <ee:set-variable variableName="httpStatus">404</ee:set-variable>
                    </ee:variables>
                </ee:transform>
            </on-error-propagate>
            <on-error-propagate type="APIKIT:METHOD_NOT_ALLOWED">
                <ee:transform doc:name="Transform Message">
                    <ee:message>
                        <ee:set-payload><![CDATA[%dw 2.0
output application/json
---
{message: "Method not allowed"}]]></ee:set-payload>
                    </ee:message>
                    <ee:variables>
                        <ee:set-variable variableName="httpStatus">405</ee:set-variable>
                    </ee:variables>
                </ee:transform>
            </on-error-propagate>
            <on-error-propagate type="APIKIT:NOT_ACCEPTABLE">
                <ee:transform doc:name="Transform Message">
                    <ee:message>
                        <ee:set-payload><![CDATA[%dw 2.0
output application/json
---
{message: "Not acceptable"}]]></ee:set-payload>
                    </ee:message>
                    <ee:variables>
                        <ee:set-variable variableName="httpStatus">406</ee:set-variable>
                    </ee:variables>
                </ee:transform>
            </on-error-propagate>
            <on-error-propagate type="APIKIT:UNSUPPORTED_MEDIA_TYPE">
                <ee:transform doc:name="Transform Message">
                    <ee:message>
                        <ee:set-payload><![CDATA[%dw 2.0
output application/json
---
{message: "Unsupported media type"}]]></ee:set-payload>
                    </ee:message>
                    <ee:variables>
                        <ee:set-variable variableName="httpStatus">415</ee:set-variable>
                    </ee:variables>
                </ee:transform>
            </on-error-propagate>
            <on-error-propagate type="APIKIT:NOT_IMPLEMENTED">
                <ee:transform doc:name="Transform Message">
                    <ee:message>
                        <ee:set-payload><![CDATA[%dw 2.0
output application/json
---
{message: "Not Implemented"}]]></ee:set-payload>
                    </ee:message>
                    <ee:variables>
                        <ee:set-variable variableName="httpStatus">501</ee:set-variable>
                    </ee:variables>
                </ee:transform>
            </on-error-propagate>
        </error-handler>
    </flow>
    <flow name="rotary-sys-api-console">
        <http:listener config-ref="rotary-sys-api-httpListenerConfig" path="/console/*">
            <http:response statusCode="#[vars.httpStatus default 200]">
                <http:headers>#[vars.outboundHeaders default {}]</http:headers>
            </http:response>
            <http:error-response statusCode="#[vars.httpStatus default 500]">
                <http:body>#[payload]</http:body>
                <http:headers>#[vars.outboundHeaders default {}]</http:headers>
            </http:error-response>
        </http:listener>
        <apikit:console config-ref="rotary-sys-api-config" />
        <error-handler>
            <on-error-propagate type="APIKIT:NOT_FOUND">
                <ee:transform doc:name="Transform Message">
                    <ee:message>
                        <ee:set-payload><![CDATA[%dw 2.0
output application/json
---
{message: "Resource not found"}]]></ee:set-payload>
                    </ee:message>
                    <ee:variables>
                        <ee:set-variable variableName="httpStatus">404</ee:set-variable>
                    </ee:variables>
                </ee:transform>
            </on-error-propagate>
        </error-handler>
    </flow>
    <flow name="get:\business:rotary-sys-api-config">
        <logger level="INFO" doc:name="Logger" doc:id="37935e4b-9157-40f1-ae55-56a156d3126d" message="--&gt; ## Obtener todos los Proveedores ## --&gt;" />
        <flow-ref doc:name="Flow Reference Business" doc:id="16a2b81f-9b51-42ee-875f-77e5637cd0ea" name="rotary-sys-api-handlerSub_Flow_Business" />
<ee:transform doc:name="Transform Message Business" doc:id="283298d6-fe89-438e-ad48-1b2e122c3ca1">
			<ee:message>
				<ee:set-payload><![CDATA[%dw 2.0
output application/json
---
payload]]></ee:set-payload>
			</ee:message>
		</ee:transform>
		<!-- [STUDIO:"Transform Message"]		<ee:transform doc:name="Transform Message">
            <ee:message>
                <ee:set-payload><![CDATA[%dw 2.0
output application/json
&#45;&#45;-
[
  {
    id_business: "9876FGHU34587",
    business_name: "REMESAS",
    business_desc: "REMESAS ... ",
    flow_desc: "FLUJO DE REMESAS"
  }
&#93;&#93;&#93;></ee:set-payload>
            </ee:message>
        </ee:transform> [STUDIO] -->
    </flow>
    <flow name="get:\operationsFlows\business_name\(business_name):rotary-sys-api-config">
        <logger level="INFO" doc:name="Logger" doc:id="2e375155-93db-4638-bf49-886d15656d8b" message="--&gt; ## Obtener todas las Reglas por Nombre Proveedor ## --&gt;" />
        <ee:transform doc:name="Transform Message">
            <ee:variables>
                <ee:set-variable variableName="business_name">attributes.uriParams.'business_name'</ee:set-variable>
            </ee:variables>
        </ee:transform>
        <flow-ref doc:name="Flow Reference Operations Flows Business Name" doc:id="8d22ba84-9164-446b-b8b8-4633c70d048e" name="rotary-sys-api-handlerSub_Flow_OperationsBusinessName" />
        <ee:transform doc:name="Transform Message Operations" doc:id="eb7eb315-c31f-4dc1-bd06-d0e48e3dba70">
            <ee:message>
                <ee:set-payload><![CDATA[%dw 2.0
output application/json
---
payload]]></ee:set-payload>
            </ee:message>
        </ee:transform>
        <!-- [STUDIO:"Transform Message"]        <ee:transform doc:name="Transform Message">
            <ee:message>
                <ee:set-payload><![CDATA[%dw 2.0
output application/json
&#45;&#45;-
[
  {
    id_flow: "11",
    id_business: "35",
    business_name: "REMESAS",
    flow_name: "FLUJO VALIDA CAJA",
    flow_desc: "Validador de caja disponible"
  }
&#93;&#93;&#93;></ee:set-payload>
            </ee:message>
        </ee:transform> [STUDIO] -->
    </flow>
    <flow name="get:\business\business_name\(business_name):rotary-sys-api-config">
        <ee:transform doc:name="Transform Message">
            <ee:variables>
                <ee:set-variable variableName="business_name">attributes.uriParams.'business_name'</ee:set-variable>
            </ee:variables>
        </ee:transform>
        <ee:transform doc:name="Transform Message">
            <ee:message>
                <ee:set-payload><![CDATA[%dw 2.0
output application/json
---
[
  {
    id_business: "9876FGHU34587",
    business_name: "REMESAS",
    business_desc: "REMESAS ... ",
    flow_desc: "FLUJO DE REMESAS"
  }
]]]></ee:set-payload>
            </ee:message>
        </ee:transform>
    </flow>
    <flow name="get:\operationsFlows\flow_name\(flow_name):rotary-sys-api-config">
        <logger level="INFO" doc:name="Logger" doc:id="aa80a533-edfe-4220-b5cc-ead90d781912" message="--&gt; ## Obtener todas las Reglas por Nombre del Flujo ## --&gt;" />
        <ee:transform doc:name="Transform Message">
            <ee:variables>
                <ee:set-variable variableName="flow_name">attributes.uriParams.'flow_name'</ee:set-variable>
            </ee:variables>
        </ee:transform>
        <flow-ref doc:name="Flow Reference Operations Flows Name" doc:id="0eeacf65-2cc1-4391-9fad-5d88625b0b57" name="rotary-sys-api-handlerSub_Flow_OperationsFlowName" />
        <ee:transform doc:name="Transform Message Operations" doc:id="4ab69287-499a-4bd0-90da-526630c2db3c">
            <ee:message>
                <ee:set-payload><![CDATA[%dw 2.0
output application/json
---
payload]]></ee:set-payload>
            </ee:message>
        </ee:transform>
        <!-- [STUDIO:"Transform Message"]		<ee:transform doc:name="Transform Message">
            <ee:message>
                <ee:set-payload><![CDATA[%dw 2.0
output application/json
&#45;&#45;-
[
  {
    id_flow: "11",
    id_business: "35",
    business_name: "REMESAS",
    flow_name: "FLUJO VALIDA CAJA",
    flow_desc: "Validador de caja disponible"
  }
&#93;&#93;&#93;></ee:set-payload>
            </ee:message>
        </ee:transform> [STUDIO] -->
    </flow>
    <flow name="get:\business\id_business\(id_business):rotary-sys-api-config">
        <ee:transform doc:name="Transform Message">
            <ee:variables>
                <ee:set-variable variableName="id_business">attributes.uriParams.'id_business'</ee:set-variable>
            </ee:variables>
        </ee:transform>
        <ee:transform doc:name="Transform Message">
            <ee:message>
                <ee:set-payload><![CDATA[%dw 2.0
output application/json
---
[
  {
    id_business: "9876FGHU34587",
    business_name: "REMESAS",
    business_desc: "REMESAS ... ",
    flow_desc: "FLUJO DE REMESAS"
  }
]]]></ee:set-payload>
            </ee:message>
        </ee:transform>
    </flow>
    <flow name="get:\transactions\id_business\(id_business):rotary-sys-api-config">
        <ee:transform doc:name="Transform Message">
            <ee:variables>
                <ee:set-variable variableName="id_business">attributes.uriParams.'id_business'</ee:set-variable>
            </ee:variables>
        </ee:transform>
        <ee:transform doc:name="Transform Message">
            <ee:message>
                <ee:set-payload><![CDATA[%dw 2.0
output application/json
---
[
  {
    id_transaction: "10987",
    id_business: "11",
    id_rotary: "35",
    transaction_name: "FLUJO RETIRA DINERO",
    flow_desc: "REMESAS"
  }
]]]></ee:set-payload>
            </ee:message>
        </ee:transform>
    </flow>
    <flow name="get:\operationsFlows\id_business\(id_business):rotary-sys-api-config">
        <logger level="INFO" doc:name="Logger" doc:id="e839f7a5-e685-4d88-bdbd-247199e51956" message="--&gt; ## Obtener todas las Reglas por ID Proveedor ## --&gt;" />
        <ee:transform doc:name="Transform Message">
            <ee:variables>
                <ee:set-variable variableName="id_business">attributes.uriParams.'id_business'</ee:set-variable>
            </ee:variables>
        </ee:transform>
        <flow-ref doc:name="Flow Reference Operations Flows ID" doc:id="92bad7ab-e585-4183-94f6-41047c7f3afd" name="rotary-sys-api-handlerSub_Flow_OperationsIdBusiness" />
        <ee:transform doc:name="Transform Message Operations" doc:id="5066f06e-00e3-4592-93ce-23bd46de5e66">
            <ee:message>
                <ee:set-payload><![CDATA[%dw 2.0
output application/json
---
payload]]></ee:set-payload>
            </ee:message>
        </ee:transform>
        <!-- [STUDIO:"Transform Message"]        <ee:transform doc:name="Transform Message">
            <ee:message>
                <ee:set-payload><![CDATA[%dw 2.0
output application/json
&#45;&#45;-
[
  {
    id_flow: "11",
    id_business: "35",
    business_name: "REMESAS",
    flow_name: "FLUJO VALIDA CAJA",
    flow_desc: "Validador de caja disponible"
  }
&#93;&#93;&#93;></ee:set-payload>
            </ee:message>
        </ee:transform> [STUDIO] -->
    </flow>
    <flow name="get:\operationsFlows\id_flow\(id_flow):rotary-sys-api-config">
        <logger level="INFO" doc:name="Logger" doc:id="18f91cb5-2d4a-4169-ae1d-95653dd8b205" message="--&gt; ## Obtener todas las Reglas por ID ## --&gt;" />
        <ee:transform doc:name="Transform Message">
            <ee:variables>
                <ee:set-variable variableName="id_flow">attributes.uriParams.'id_flow'</ee:set-variable>
            </ee:variables>
        </ee:transform>
        <flow-ref doc:name="Flow Reference Operations Flows ID" doc:id="d8679615-70f5-4d6e-93d9-c19f3c9dafb3" name="rotary-sys-api-handlerSub_Flow_OperationsIdFlow" />
        <ee:transform doc:name="Transform Message Operations" doc:id="6b7ee4e3-4f22-4553-b350-d627fe4d2e43">
            <ee:message>
                <ee:set-payload><![CDATA[%dw 2.0
output application/json
---
payload]]></ee:set-payload>
            </ee:message>
        </ee:transform>
        <!-- [STUDIO:"Transform Message"]		<ee:transform doc:name="Transform Message">
            <ee:message>
                <ee:set-payload><![CDATA[%dw 2.0
output application/json
&#45;&#45;-
[
  {
    id_flow: "11",
    id_business: "35",
    business_name: "REMESAS",
    flow_name: "FLUJO VALIDA CAJA",
    flow_desc: "Validador de caja disponible"
  }
&#93;&#93;&#93;></ee:set-payload>
            </ee:message>
        </ee:transform> [STUDIO] -->
    </flow>
    <flow name="get:\transactions\id_rotary\(id_rotary):rotary-sys-api-config">
        <ee:transform doc:name="Transform Message">
            <ee:variables>
                <ee:set-variable variableName="id_rotary">attributes.uriParams.'id_rotary'</ee:set-variable>
            </ee:variables>
        </ee:transform>
        <ee:transform doc:name="Transform Message">
            <ee:message>
                <ee:set-payload><![CDATA[%dw 2.0
output application/json
---
[
  {
    id_transaction: "10987",
    id_business: "11",
    id_rotary: "35",
    transaction_name: "FLUJO RETIRA DINERO",
    flow_desc: "REMESAS"
  }
]]]></ee:set-payload>
            </ee:message>
        </ee:transform>
    </flow>
    <flow name="get:\rotarys\id_rotary\(id_rotary):rotary-sys-api-config">
        <ee:transform doc:name="Transform Message">
            <ee:variables>
                <ee:set-variable variableName="id_rotary">attributes.uriParams.'id_rotary'</ee:set-variable>
            </ee:variables>
        </ee:transform>
        <ee:transform doc:name="Transform Message">
            <ee:message>
                <ee:set-payload><![CDATA[%dw 2.0
output application/json
---
[
  {
    id_rotary: "9876FGHU34587",
    id_suppler: "6393",
    suppler_name: "COMBO",
    serial_number: "S065456789ABC"
  }
]]]></ee:set-payload>
            </ee:message>
        </ee:transform>
    </flow>
    <flow name="get:\rotarys\id_suppler\(id_suppler):rotary-sys-api-config">
        <ee:transform doc:name="Transform Message">
            <ee:variables>
                <ee:set-variable variableName="id_suppler">attributes.uriParams.'id_suppler'</ee:set-variable>
            </ee:variables>
        </ee:transform>
        <ee:transform doc:name="Transform Message">
            <ee:message>
                <ee:set-payload><![CDATA[%dw 2.0
output application/json
---
[
  {
    id_rotary: "9876FGHU34587",
    id_suppler: "6393",
    suppler_name: "COMBO",
    serial_number: "S065456789ABC"
  }
]]]></ee:set-payload>
            </ee:message>
        </ee:transform>
    </flow>
    <flow name="get:\supplersRotarys\id_suppler\(id_suppler):rotary-sys-api-config">
        <ee:transform doc:name="Transform Message">
            <ee:variables>
                <ee:set-variable variableName="id_suppler">attributes.uriParams.'id_suppler'</ee:set-variable>
            </ee:variables>
        </ee:transform>
        <ee:transform doc:name="Transform Message">
            <ee:message>
                <ee:set-payload><![CDATA[%dw 2.0
output application/json
---
[
  {
    id_suppler: "9876FGHU34587",
    suppler_name: "UMBRELLA",
    suppler_desc: "Tamaño 123 cm, Peso 12 kg ..."
  }
]]]></ee:set-payload>
            </ee:message>
        </ee:transform>
    </flow>
    <flow name="get:\transactions\id_transaction\(id_transaction):rotary-sys-api-config">
        <ee:transform doc:name="Transform Message">
            <ee:variables>
                <ee:set-variable variableName="id_transaction">attributes.uriParams.'id_transaction'</ee:set-variable>
            </ee:variables>
        </ee:transform>
        <ee:transform doc:name="Transform Message">
            <ee:message>
                <ee:set-payload><![CDATA[%dw 2.0
output application/json
---
[
  {
    id_transaction: "10987",
    id_business: "11",
    id_rotary: "35",
    transaction_name: "FLUJO RETIRA DINERO",
    flow_desc: "REMESAS"
  }
]]]></ee:set-payload>
            </ee:message>
        </ee:transform>
    </flow>
    <flow name="get:\operationsFlows:rotary-sys-api-config">
        <logger level="INFO" doc:name="Logger" doc:id="36cb2a84-7bc3-4bb5-b04e-466ce9b275c4" message="--&gt; ## Obtener todas las Reglas ## --&gt;" />
        <flow-ref doc:name="Flow Reference Operations Flows" doc:id="fd4c2e28-4e7d-4267-a230-e2c4491ebafc" name="rotary-sys-api-handlerSub_Flow_Operations" />
        <ee:transform doc:name="Transform Message Operations" doc:id="1c30c5d7-0ea3-4fa3-bf5e-1e974c1d3ce0">
            <ee:message>
                <ee:set-payload><![CDATA[%dw 2.0
output application/json
---
payload]]></ee:set-payload>
            </ee:message>
        </ee:transform>
        <!-- [STUDIO:"Transform Message"]		<ee:transform doc:name="Transform Message">
            <ee:message>
                <ee:set-payload><![CDATA[%dw 2.0
output application/json
&#45;&#45;-
[
  {
    id_flow: "11",
    id_business: "35",
    business_name: "REMESAS",
    flow_name: "FLUJO VALIDA CAJA",
    flow_desc: "Validador de caja disponible"
  }
&#93;&#93;&#93;></ee:set-payload>
            </ee:message>
        </ee:transform> [STUDIO] -->
    </flow>
    <flow name="get:\rotarys:rotary-sys-api-config">
        <ee:transform doc:name="Transform Message">
            <ee:message>
                <ee:set-payload><![CDATA[%dw 2.0
output application/json
---
[
  {
    id_rotary: "9876FGHU34587",
    id_suppler: "6393",
    suppler_name: "COMBO",
    serial_number: "S065456789ABC"
  }
]]]></ee:set-payload>
            </ee:message>
        </ee:transform>
    </flow>
    <flow name="get:\rotarys\serial_number\(serial_number):rotary-sys-api-config">
        <ee:transform doc:name="Transform Message">
            <ee:variables>
                <ee:set-variable variableName="serial_number">attributes.uriParams.'serial_number'</ee:set-variable>
            </ee:variables>
        </ee:transform>
        <ee:transform doc:name="Transform Message">
            <ee:message>
                <ee:set-payload><![CDATA[%dw 2.0
output application/json
---
[
  {
    id_rotary: "9876FGHU34587",
    id_suppler: "6393",
    suppler_name: "COMBO",
    serial_number: "S065456789ABC"
  }
]]]></ee:set-payload>
            </ee:message>
        </ee:transform>
    </flow>
    <flow name="get:\supplersRotarys\suppler_name\(suppler_name):rotary-sys-api-config">
        <ee:transform doc:name="Transform Message">
            <ee:variables>
                <ee:set-variable variableName="suppler_name">attributes.uriParams.'suppler_name'</ee:set-variable>
            </ee:variables>
        </ee:transform>
        <ee:transform doc:name="Transform Message">
            <ee:message>
                <ee:set-payload><![CDATA[%dw 2.0
output application/json
---
[
  {
    id_suppler: "9876FGHU34587",
    suppler_name: "UMBRELLA",
    suppler_desc: "Tamaño 123 cm, Peso 12 kg ..."
  }
]]]></ee:set-payload>
            </ee:message>
        </ee:transform>
    </flow>
    <flow name="get:\supplersRotarys:rotary-sys-api-config">
        <ee:transform doc:name="Transform Message">
            <ee:message>
                <ee:set-payload><![CDATA[%dw 2.0
output application/json
---
[
  {
    id_suppler: "9876FGHU34587",
    suppler_name: "UMBRELLA",
    suppler_desc: "Tamaño 123 cm, Peso 12 kg ..."
  }
]]]></ee:set-payload>
            </ee:message>
        </ee:transform>
    </flow>
    <flow name="get:\transactions\transaction_name\(transaction_name):rotary-sys-api-config">
        <ee:transform doc:name="Transform Message">
            <ee:variables>
                <ee:set-variable variableName="transaction_name">attributes.uriParams.'transaction_name'</ee:set-variable>
            </ee:variables>
        </ee:transform>
        <ee:transform doc:name="Transform Message">
            <ee:message>
                <ee:set-payload><![CDATA[%dw 2.0
output application/json
---
[
  {
    id_transaction: "10987",
    id_business: "11",
    id_rotary: "35",
    transaction_name: "FLUJO RETIRA DINERO",
    flow_desc: "REMESAS"
  }
]]]></ee:set-payload>
            </ee:message>
        </ee:transform>
    </flow>
    <flow name="get:\transactions:rotary-sys-api-config">
        <ee:transform doc:name="Transform Message">
            <ee:message>
                <ee:set-payload><![CDATA[%dw 2.0
output application/json
---
[
  {
    id_transaction: "10987",
    id_business: "11",
    id_rotary: "35",
    transaction_name: "FLUJO RETIRA DINERO",
    flow_desc: "REMESAS"
  }
]]]></ee:set-payload>
            </ee:message>
        </ee:transform>
    </flow>
    <flow name="post:\business:application\json:rotary-sys-api-config">
        <logger level="INFO" doc:name="Logger" doc:id="2a260985-2c07-49b2-8144-0bc25da2eab2" message="--&gt; ## Agregar nuevo Proveedor ## --&gt;" />
		<flow-ref doc:name="Flow Reference Business" doc:id="6dc7cc1c-f738-4be8-8c8f-91d5dfb2cf62" name="rotary-sys-api-handlerSub_Flow_AddBusiness" />
		<ee:transform doc:name="Transform Message">
            <ee:message>
                <ee:set-payload><![CDATA[%dw 2.0
output application/json
---
{
  message: "Se ha guardado correctamente"
}]]></ee:set-payload>
            </ee:message>
        </ee:transform>
    </flow>
    <flow name="post:\operationsFlows:application\json:rotary-sys-api-config">
        <logger level="INFO" doc:name="Logger" doc:id="e931ae4a-d801-4977-8e55-eb8c24181e62" message="--&gt; ## Agregar nueva Regla ## --&gt;" />
		<flow-ref doc:name="Flow Reference Operations" doc:id="d5177b45-8724-40e1-8da4-ec37ca08a1c3" name="rotary-sys-api-handlerSub_Flow_AddOperations" />
		<ee:transform doc:name="Transform Message">
            <ee:message>
                <ee:set-payload><![CDATA[%dw 2.0
output application/json
---
{
  message: "Se ha guardado correctamente"
}]]></ee:set-payload>
            </ee:message>
        </ee:transform>
    </flow>
    <flow name="post:\pay:application\json:rotary-sys-api-config">
        <logger level="INFO" doc:name="Logger" doc:id="c8b22bbe-db27-4ef3-98b5-66889b21d6e0" message="--&gt; ## Proceso de Pago ## --&gt;" />
        <flow-ref doc:name="Flow Reference Pay" doc:id="df33cfc1-0ffc-4449-bace-f2a46cfc8287" name="rotary-sys-api-handlerSub_Flow_Pay" />
        <ee:transform doc:name="Transform Message">
            <ee:message>
                <ee:set-payload><![CDATA[%dw 2.0
output application/json
---
{
  action: "Flujo a seguir (Remesa/Dispersión/Corresponsal/Cash Back)",
  store_id: "Numero de la tienda en la cual se realiza la transacción",
  pos_number: " Numero de la caja en la cual se realiza la transacción ",
  operator_id: "Numero de empleado del asociado operador de caja",
  id_transaction: "Número de la transacción efectuada",
  transaction_date: "Fecha / hora de la transacción efectuada (YYYY-MM-DD HH:MM:SS)",
  pay_amount: "Monto a ser pagado por el dispositivo ATM / Rotary",
  webservice_ref: "Número de referencia del servicio web para la identificación de la transacción de cobro",
  webservicetx_id: " Número de referencia del servicio web para el control interno de la transacción de cobro a pagarse en dispositivo ATM / Rotary ",
  txstatus_id: "Número del código de resultado para la transacción (00 – Transacción OK)",
  txstatus_descrip: " Descripción del código de resultado de la transacción",
  chit_descrip: " Texto a imprimir en el chit (** IMPORTANTE ** Cuenta con 1 hr para retirar el efectivo Ticket válido solo en esta tienda El uso y manejo de este vale es responsabilidad del cliente) "
}]]></ee:set-payload>
            </ee:message>
        </ee:transform>
    </flow>
    <flow name="post:\rotarys:application\json:rotary-sys-api-config">
        <ee:transform doc:name="Transform Message">
            <ee:message>
                <ee:set-payload><![CDATA[%dw 2.0
output application/json
---
{
  message: "Se ha guardado correctamente"
}]]></ee:set-payload>
            </ee:message>
        </ee:transform>
    </flow>
    <flow name="post:\statusPay:application\json:rotary-sys-api-config">
        <logger level="INFO" doc:name="Logger" doc:id="79ae0ac3-e79d-4e05-a64c-8b3a781aed77" message="--&gt; ## Estatus del Pago ## --&gt;" />
        <flow-ref doc:name="Flow Reference Status Pay" doc:id="476e530b-1ce5-44a1-a088-0d6e848136f5" name="rotary-sys-api-handlerSub_Flow_StatusPay" />
        <ee:transform doc:name="Transform Message">
            <ee:message>
                <ee:set-payload><![CDATA[%dw 2.0
output application/json
---
{
  action: "Flujo a seguir (Remesa/Dispersión/Corresponsal/Cash Back)",
  store_id: "Numero de la tienda en la cual se realiza la transacción",
  pos_number: " Numero de la caja en la cual se realiza la transacción ",
  operator_id: "Numero de empleado del asociado operador de caja",
  id_transaction: "Número de la transacción efectuada",
  transaction_date: "Fecha / hora de la transacción efectuada (YYYY-MM-DD HH:MM:SS)",
  pay_amount: "Monto a ser pagado por el dispositivo ATM / Rotary",
  webservice_ref: "Número de referencia del servicio web para la identificación de la transacción de cobro",
  webservicetx_id: " Número de referencia del servicio web para el control interno de la transacción de cobro a pagarse en dispositivo ATM / Rotary ",
  txstatus_id: "Número del código de resultado para la transacción (00 – Transacción OK)",
  txstatus_descrip: " Descripción del código de resultado de la transacción",
  chit_descrip: " Texto a imprimir en el chit (** IMPORTANTE ** Cuenta con 1 hr para retirar el efectivo Ticket válido solo en esta tienda El uso y manejo de este vale es responsabilidad del cliente) "
}]]></ee:set-payload>
            </ee:message>
        </ee:transform>
    </flow>
    <flow name="post:\supplersRotarys:application\json:rotary-sys-api-config">
        <ee:transform doc:name="Transform Message">
            <ee:message>
                <ee:set-payload><![CDATA[%dw 2.0
output application/json
---
{
  message: "Se ha guardado correctamente"
}]]></ee:set-payload>
            </ee:message>
        </ee:transform>
    </flow>
    <flow name="post:\transactions:application\json:rotary-sys-api-config">
        <ee:transform doc:name="Transform Message">
            <ee:message>
                <ee:set-payload><![CDATA[%dw 2.0
output application/json
---
{
  message: "Se ha guardado correctamente"
}]]></ee:set-payload>
            </ee:message>
        </ee:transform>
    </flow>
</mule>
