<?xml version="1.0" encoding="UTF-8"?>

<mule xmlns:ee="http://www.mulesoft.org/schema/mule/ee/core"
	xmlns:db="http://www.mulesoft.org/schema/mule/db"
	xmlns:http="http://www.mulesoft.org/schema/mule/http" xmlns="http://www.mulesoft.org/schema/mule/core" xmlns:doc="http://www.mulesoft.org/schema/mule/documentation" xmlns:xsi="http://www.w3.org/2001/XMLSchema-instance" xsi:schemaLocation="http://www.mulesoft.org/schema/mule/core http://www.mulesoft.org/schema/mule/core/current/mule.xsd
http://www.mulesoft.org/schema/mule/http http://www.mulesoft.org/schema/mule/http/current/mule-http.xsd
http://www.mulesoft.org/schema/mule/db http://www.mulesoft.org/schema/mule/db/current/mule-db.xsd
http://www.mulesoft.org/schema/mule/ee/core http://www.mulesoft.org/schema/mule/ee/core/current/mule-ee.xsd">
	<db:config name="Database_Config" doc:name="Database Config" doc:id="8009002e-15b6-4751-af27-d81c161ed376" >
		<db:my-sql-connection host="localhost" port="3306" user="admin" password="admin" database="sgr" />
	</db:config>
	<sub-flow name="rotary-sys-api-clientSub_Flow-dataBasePay" doc:id="ec63b51f-d45a-4f5a-85b6-931ea1aadc0e" >
		<logger level="INFO" doc:name="Logger" doc:id="d9684e2b-3b1a-4620-b101-e44ef352a417" message="---&gt; ## Inserta en Pay ## ---&gt;" />
	</sub-flow>
	<sub-flow name="rotary-sys-api-clientSub_Flow-dataBaseStatusPay" doc:id="957dac4c-1ba6-4b15-af14-0b8a31261693" >
		<logger level="INFO" doc:name="Logger" doc:id="a510ef5f-df9e-4793-9ef1-0d77ca2cb856" message="---&gt; ## Estatus Pay ## ---&gt;" />
	</sub-flow>
	<sub-flow name="rotary-sys-api-clientSub_Flow-dataBaseOperations" doc:id="b960aeac-ef78-4ae9-836a-33364d9aed0d" >
		<logger level="INFO" doc:name="Logger" doc:id="0fe7982a-9fbd-4ba5-9ff0-e551bc1635c5" message="---&gt; ## Reglas ## ---&gt;" />
		<db:select doc:name="Select" doc:id="f7b277ee-d9cf-4072-be78-6551f3600bce" config-ref="Database_Config">
			<db:sql ><![CDATA[select id_flow, id_business, business_name, flow_name, flow_desc  from sgr.operations_flows]]></db:sql>
		</db:select>
	</sub-flow>
	<sub-flow name="rotary-sys-api-clientSub_Flow-dataBaseOperationsIdFlow" doc:id="a59a24e8-182f-4d3a-bc38-87e1a273364b" >
		<logger level="INFO" doc:name="Logger" doc:id="3400e4ce-9eb7-450f-88dd-a325299c4026" message="---&gt; ## Reglas por Id Flow ## ---&gt;" />
		<db:select doc:name="Select" doc:id="63e19f48-a51a-414d-ac98-2a7074c96128" config-ref="Database_Config" >
			<db:sql ><![CDATA[select id_flow, id_business, business_name, flow_name, flow_desc  from sgr.operations_flows 
where id_flow = :id_flow;]]></db:sql>
			<db:input-parameters ><![CDATA[#[{
	id_flow: vars.id_flow
}]]]></db:input-parameters>
		</db:select>
	</sub-flow>
	<sub-flow name="rotary-sys-api-clientSub_Flow-dataBaseOperationsIdFlowBusiness" doc:id="f21934fe-4081-4322-80bf-1eeae231a7db" >
		<logger level="INFO" doc:name="Logger" doc:id="716f643f-b432-4e17-a948-866efb6f863f" message="---&gt; ## Reglas por Id Business ## ---&gt;" />
		<db:select doc:name="Select" doc:id="e0e9d58f-83f2-4751-82f8-e5fd7f418f32" config-ref="Database_Config" >
			<db:sql ><![CDATA[select id_flow, id_business, business_name, flow_name, flow_desc  from sgr.operations_flows 
where id_business = :id_business;]]></db:sql>
			<db:input-parameters ><![CDATA[#[{
	id_business: vars.id_business
}]]]></db:input-parameters>
		</db:select>
	</sub-flow>
	<sub-flow name="rotary-sys-api-clientSub_Flow-dataBaseOperationsIdFlowBusinessName" doc:id="5fd6c888-b5de-445e-89d0-5359000349b0" >
		<logger level="INFO" doc:name="Logger" doc:id="75385d6c-c4f4-4acf-98ff-c0fceed0ff27" message="---&gt; ## Reglas por Id Business ## ---&gt;" />
		<db:select doc:name="Select" doc:id="91f7eac6-4083-4ecb-ae14-60fc3781b7af" config-ref="Database_Config" >
			<db:sql ><![CDATA[select id_flow, id_business, business_name, flow_name, flow_desc  from sgr.operations_flows 
where business_name = :business_name;]]></db:sql>
			<db:input-parameters ><![CDATA[#[{
	business_name: vars.business_name
}]]]></db:input-parameters>
		</db:select>
	</sub-flow>
	<sub-flow name="rotary-sys-api-clientSub_Flow-dataBaseOperationsFlowName" doc:id="877af697-0129-4d94-998c-56a75e11616c" >
		<logger level="INFO" doc:name="Logger" doc:id="137f601a-de79-495f-aca5-1ae8ed5c70d0" message="---&gt; ## Reglas por Nombre del Flujo ## ---&gt;" />
		<db:select doc:name="Select" doc:id="ab3a631d-06a6-4995-ba9b-bd46ac219ce1" config-ref="Database_Config" >
			<db:sql ><![CDATA[select id_flow, id_business, business_name, flow_name, flow_desc  from sgr.operations_flows 
where flow_name = :flow_name;]]></db:sql>
			<db:input-parameters ><![CDATA[#[{
	flow_name: vars.flow_name
}]]]></db:input-parameters>
		</db:select>
	</sub-flow>
	<sub-flow name="rotary-sys-api-clientSub_Flow-dataBaseBusiness" doc:id="e6d5f09e-55fe-4458-b67b-d8620513d5a8" >
		<logger level="INFO" doc:name="Logger" doc:id="79880945-344c-4017-9016-23f269a8be91" message="---&gt; ## Obtener todos lor Proveedores ## ---&gt;" />
		<db:select doc:name="Select" doc:id="0425f4b8-da95-48b2-825e-a23f591e9753" config-ref="Database_Config" >
			<db:sql ><![CDATA[select id_business, business_name, business_desc, flow_desc  from sgr.business;]]></db:sql>
		</db:select>
	</sub-flow>
	<sub-flow name="rotary-sys-api-clientSub_Flow-dataBaseAddBusiness" doc:id="1b54b0ab-ab37-482e-b6f2-eefd56d21da0" >
		<logger level="INFO" doc:name="Logger" doc:id="6a75241a-beec-4e84-9b08-6ab3809b0b74" message="---&gt; ## Agrega Proveedor ## ---&gt;" />
		<db:insert doc:name="Insert" doc:id="2dff7a55-0318-41fc-97a1-610d5071b7ec" config-ref="Database_Config">
			<db:sql ><![CDATA[INSERT INTO sgr.business
(id_business, business_name, business_desc, flow_desc)
VALUES(:id_business, :business_name, :business_desc, :flow_desc);]]></db:sql>
			<db:input-parameters ><![CDATA[#[{
	id_business: payload.id_business,
	business_name: payload.business_name,
	business_desc: payload.business_desc,
	flow_desc: payload.flow_desc
}]]]></db:input-parameters>
		</db:insert>
	</sub-flow>
	<sub-flow name="rotary-sys-api-clientSub_Flow-dataBaseAddOperations" doc:id="1affa16a-9158-463d-b288-26ae2e0f9925" >
		<logger level="INFO" doc:name="Logger" doc:id="aaaad955-7d82-4b08-a4c0-e5111b3f8e4f" message="---&gt; ## Agrega Regla ## ---&gt;" />
		<db:insert doc:name="Insert" doc:id="9c5af822-0434-4d29-83eb-c4230d452602" config-ref="Database_Config" >
			<db:sql ><![CDATA[INSERT INTO sgr.operations_flows
(id_flow, id_business, business_name, flow_name, flow_desc)
VALUES(:id_flow, :id_business, :business_name, :flow_name, :flow_desc);]]></db:sql>
			<db:input-parameters ><![CDATA[#[{
	id_flow: payload.id_flow,
	id_business: payload.id_business,
	business_name: payload.business_name,
	flow_name: payload.flow_name,
	flow_desc: payload.flow_desc
}]]]></db:input-parameters>
		</db:insert>
	</sub-flow>
</mule>
